Name,Given Name,Additional Name,Family Name,E-mail 1 - Value
Dakota Jarvis,Dakota,,Jarvis,student0507@example.edu
Tatum Norwood,Tatum,,Norwood,student0139@example.edu
Skyler Pemberton,Skyler,,Pemberton,student0339@example.edu
Jael Hutton,Jael,,Hutton,student0218@example.edu
Emerson Vasquez,Emerson,,Vasquez,student0425@example.edu
Quinn Radcliffe,Quinn,,Radcliffe,student0001@example.edu
Oakley Pemberton,Oakley,,Pemberton,student0164@example.edu
Tatum Farraday,Tatum,,Farraday,student0508@example.edu
Ashby Okafor,Ashby,,Okafor,student0367@example.edu
Eden Abernathy,Eden,,Abernathy,student0377@example.edu
Sawyer Xander,Sawyer,,Xander,student0306@example.edu
Ryder Mendel,Ryder,,Mendel,student0003@example.edu
Jael Thackeray,Jael,,Thackeray,student0456@example.edu
Sawyer Alden,Sawyer,,Alden,student0256@example.edu
Ryder Jarvis,Ryder,,Jarvis,student0107@example.edu
Harper Castillo,Harper,,Castillo,student0165@example.edu
Adrian Jarvis,Adrian,,Jarvis,student0360@example.edu
Dallas Thackeray,Dallas,,Thackeray,student0281@example.edu
Noel Emerling,Noel,,Emerling,student0005@example.edu
Dallas Prentice,Dallas,,Prentice,student0458@example.edu
Blair Jansen,Blair,,Jansen,student0340@example.edu
Val Abernathy,Val,,Abernathy,student0483@example.edu
Ashby Renwick,Ashby,,Renwick,student0083@example.edu
Micah Jarvis,Micah,,Jarvis,student0428@example.edu
Haven Ashford,Haven,,Ashford,student0469@example.edu
Shiloh Vance,Shiloh,,Vance,student0558@example.edu
Jules Emerling,Jules,,Emerling,student0108@example.edu
Indie Fenwick,Indie,,Fenwick,student0430@example.edu
Noel Quintero,Noel,,Quintero,student0459@example.edu
Shiloh Jacoby,Shiloh,,Jacoby,student0552@example.edu
Dakota Grimshaw,Dakota,,Grimshaw,student0167@example.edu
Reese Yates,Reese,,Yates,student0313@example.edu
Ashby Yates,Ashby,,Yates,student0109@example.edu
Eden Fenwick,Eden,,Fenwick,student0168@example.edu
Bellamy Fenwick,Bellamy,,Fenwick,student0258@example.edu
Kai Nakamura,Kai,,Nakamura,student0538@example.edu
Emerson Quill,Emerson,,Quill,student0012@example.edu
Quincy Larkspur,Quincy,,Larkspur,student0460@example.edu
Marlowe Ibarra,Marlowe,,Ibarra,student0170@example.edu
Bellamy Kirkland,Bellamy,,Kirkland,student0437@example.edu
Eden Iversen,Eden,,Iversen,student0461@example.edu
Jordan Tremaine,Jordan,,Tremaine,student0111@example.edu
Shiloh Castillo,Shiloh,,Castillo,student0113@example.edu
Quincy Dashwood,Quincy,,Dashwood,student0290@example.edu
Kip Dunmore,Kip,,Dunmore,student0014@example.edu
Noel Radcliffe,Noel,,Radcliffe,student0309@example.edu
Ellis Norwood,Ellis,,Norwood,student0454@example.edu
Reese Bellweather,Reese,,Bellweather,student0141@example.edu
Val Prentice,Val,,Prentice,student0194@example.edu
Casey Holloway,Casey,,Holloway,student0114@example.edu
Blair Falkner,Blair,,Falkner,student0238@example.edu
Jules Jansen,Jules,,Jansen,student0015@example.edu
Ira Thackeray,Ira,,Thackeray,student0086@example.edu
Presley Ellison,Presley,,Ellison,student0463@example.edu
Bellamy Ashford,Bellamy,,Ashford,student0420@example.edu
Emerson Abernathy,Emerson,,Abernathy,student0310@example.edu
Fallon Falkner,Fallon,,Falkner,student0142@example.edu
Oakley Grimshaw,Oakley,,Grimshaw,student0201@example.edu
Kendall Fenwick,Kendall,,Fenwick,student0195@example.edu
Greer Castillo,Greer,,Castillo,student0465@example.edu
Jules Pemberton,Jules,,Pemberton,student0559@example.edu
Remy Alden,Remy,,Alden,student0348@example.edu
Presley Grover,Presley,,Grover,student0540@example.edu
Ellis Croft,Ellis,,Croft,student0174@example.edu
Toby Ashford,Toby,,Ashford,student0280@example.edu
Ryder Whitfield,Ryder,,Whitfield,student0466@example.edu
Micah Lindqvist,Micah,,Lindqvist,student0145@example.edu
Emerson Ashford,Emerson,,Ashford,student0260@example.edu
Marlowe Fenwick,Marlowe,,Fenwick,student0467@example.edu
Quinn Jacoby,Quinn,,Jacoby,student0468@example.edu
Noel Whitfield,Noel,,Whitfield,student0560@example.edu
Micah Ibarra,Micah,,Ibarra,student0253@example.edu
Ryder Thackeray,Ryder,,Thackeray,student0023@example.edu
Eden Falkner,Eden,,Falkner,student0261@example.edu
Oakley Radcliffe,Oakley,,Radcliffe,student0282@example.edu
Bellamy Iversen,Bellamy,,Iversen,student0223@example.edu
Dallas Ashford,Dallas,,Ashford,student0146@example.edu
Adrian Osei,Adrian,,Osei,student0541@example.edu
Devon Grover,Devon,,Grover,student0202@example.edu
Adrian Quintero,Adrian,,Quintero,student0071@example.edu
Marlowe Quintero,Marlowe,,Quintero,student0370@example.edu
Devon Whitfield,Devon,,Whitfield,student0196@example.edu
Harper Alden,Harper,,Alden,student0026@example.edu
Blair Winslow,Blair,,Winslow,student0027@example.edu
Kai Iversen,Kai,,Iversen,student0387@example.edu
Elliot Winslow,Elliot,,Winslow,student0542@example.edu
Cameron Bellweather,Cameron,,Bellweather,student0415@example.edu
Quincy Ibarra,Quincy,,Ibarra,student0240@example.edu
Micah Falkner,Micah,,Falkner,student0120@example.edu
Elliot Okafor,Elliot,,Okafor,student0179@example.edu
Adrian Vasquez,Adrian,,Vasquez,student0149@example.edu
Kai Underhill,Kai,,Underhill,student0029@example.edu
Fallon Ibarra,Fallon,,Ibarra,student0059@example.edu
Rowan Grimshaw,Rowan,,Grimshaw,student0030@example.edu
Reese Lindqvist,Reese,,Lindqvist,student0472@example.edu
Shiloh Quill,Shiloh,,Quill,student0353@example.edu
Cameron Abernathy,Cameron,,Abernathy,student0185@example.edu
Ryder Alden,Ryder,,Alden,student0150@example.edu
Dakota Zamora,Dakota,,Zamora,student0473@example.edu
Sage Lindqvist,Sage,,Lindqvist,student0354@example.edu
Jordan Ibarra,Jordan,,Ibarra,student0121@example.edu
Quincy Corbin,Quincy,,Corbin,student0438@example.edu
Jordan Dashwood,Jordan,,Dashwood,student0090@example.edu
Eden Ibarra,Eden,,Ibarra,student0032@example.edu
Skyler Gallo,Skyler,,Gallo,student0474@example.edu
Kip Everhart,Kip,,Everhart,student0529@example.edu
Quinn Fenwick,Quinn,,Fenwick,student0561@example.edu
Blair Lindqvist,Blair,,Lindqvist,student0355@example.edu
Blair Radcliffe,Blair,,Radcliffe,student0035@example.edu
Lior Castillo,Lior,,Castillo,student0265@example.edu
Jael Winslow,Jael,,Winslow,student0318@example.edu
Elliot Jacoby,Elliot,,Jacoby,student0152@example.edu
Lennox Zamora,Lennox,,Zamora,student0206@example.edu
Jael Croft,Jael,,Croft,student0356@example.edu
Presley Fenwick,Presley,,Fenwick,student0477@example.edu
Bellamy Sorensen,Bellamy,,Sorensen,student0016@example.edu
Remy Delgado,Remy,,Delgado,student0308@example.edu
Devon Nakamura,Devon,,Nakamura,student0372@example.edu
Ryder Emerling,Ryder,,Emerling,student0153@example.edu
Haven Okafor,Haven,,Okafor,student0225@example.edu
Lennox Dashwood,Lennox,,Dashwood,student0154@example.edu
Kendall Dunmore,Kendall,,Dunmore,student0530@example.edu
Quinn Quintero,Quinn,,Quintero,student0440@example.edu
Bellamy Yates,Bellamy,,Yates,student0181@example.edu
Kai Delgado,Kai,,Delgado,student0038@example.edu
Ira Fenwick,Ira,,Fenwick,student0143@example.edu
Corin Norwood,Corin,,Norwood,student0441@example.edu
Skyler Lindqvist,Skyler,,Lindqvist,student0320@example.edu
Jael Zamora,Jael,,Zamora,student0390@example.edu
Tatum Everhart,Tatum,,Everhart,student0358@example.edu
Marlowe Thackeray,Marlowe,,Thackeray,student0266@example.edu
Corin Osei,Corin,,Osei,student0039@example.edu
Ryder Ulloa,Ryder,,Ulloa,student0531@example.edu
Ellis Lindqvist,Ellis,,Lindqvist,student0393@example.edu
Dakota Pemberton,Dakota,,Pemberton,student0368@example.edu
Blair Renwick,Blair,,Renwick,student0208@example.edu
Tatum Yalow,Tatum,,Yalow,student0002@example.edu
Lior Jarvis,Lior,,Jarvis,student0182@example.edu
Jordan Ulloa,Jordan,,Ulloa,student0272@example.edu
Oakley Iversen,Oakley,,Iversen,student0209@example.edu
Cameron Jacoby,Cameron,,Jacoby,student0563@example.edu
Dakota Norwood,Dakota,,Norwood,student0183@example.edu
Presley Falkner,Presley,,Falkner,student0042@example.edu
Quincy Sterling,Quincy,,Sterling,student0219@example.edu
Blair Whitfield,Blair,,Whitfield,student0442@example.edu
Rowan Tremaine,Rowan,,Tremaine,student0417@example.edu
Reese Sorensen,Reese,,Sorensen,student0094@example.edu
Kai Grimshaw,Kai,,Grimshaw,student0044@example.edu
Ellis Farraday,Ellis,,Farraday,student0062@example.edu
Shiloh Ellison,Shiloh,,Ellison,student0095@example.edu
Frankie Dashwood,Frankie,,Dashwood,student0443@example.edu
Oakley Lindqvist,Oakley,,Lindqvist,student0045@example.edu
Jael Lindqvist,Jael,,Lindqvist,student0246@example.edu
Bellamy Okafor,Bellamy,,Okafor,student0096@example.edu
Remy Hutton,Remy,,Hutton,student0361@example.edu
Lior Kirkland,Lior,,Kirkland,student0047@example.edu
Val Vance,Val,,Vance,student0444@example.edu
Tatum Ellison,Tatum,,Ellison,student0048@example.edu
Noel Mendel,Noel,,Mendel,student0248@example.edu
Indie Jarvis,Indie,,Jarvis,student0144@example.edu
Fallon Dunmore,Fallon,,Dunmore,student0484@example.edu
Remy Everhart,Remy,,Everhart,student0292@example.edu
Fallon Fenwick,Fallon,,Fenwick,student0362@example.edu
Elliot Ashford,Elliot,,Ashford,student0050@example.edu
Sage Marchetti,Sage,,Marchetti,student0546@example.edu
Greer Renwick,Greer,,Renwick,student0325@example.edu
Bellamy Falkner,Bellamy,,Falkner,student0129@example.edu
Marlowe Ellison,Marlowe,,Ellison,student0486@example.edu
Harper Vasquez,Harper,,Vasquez,student0271@example.edu
Sage Mendel,Sage,,Mendel,student0052@example.edu
Kendall Ibarra,Kendall,,Ibarra,student0547@example.edu
Frankie Iversen,Frankie,,Iversen,student0227@example.edu
Frankie Radcliffe,Frankie,,Radcliffe,student0487@example.edu
Jamie Emerling,Jamie,,Emerling,student0397@example.edu
Ellis Iversen,Ellis,,Iversen,student0188@example.edu
Ira Sorensen,Ira,,Sorensen,student0398@example.edu
Jordan Xander,Jordan,,Xander,student0319@example.edu
Sawyer Quill,Sawyer,,Quill,student0326@example.edu
Haven Bellweather,Haven,,Bellweather,student0127@example.edu
Remy Kirkland,Remy,,Kirkland,student0186@example.edu
Ellis Dunmore,Ellis,,Dunmore,student0268@example.edu
Rowan Corbin,Rowan,,Corbin,student0187@example.edu
Jordan Mendel,Jordan,,Mendel,student0100@example.edu
Micah Grover,Micah,,Grover,student0163@example.edu
Ira Dunmore,Ira,,Dunmore,student0327@example.edu
Dallas Croft,Dallas,,Croft,student0525@example.edu
Adrian Fenwick,Adrian,,Fenwick,student0489@example.edu
Kai Dashwood,Kai,,Dashwood,student0492@example.edu
Casey Marchetti,Casey,,Marchetti,student0128@example.edu
Blair Gallo,Blair,,Gallo,student0296@example.edu
Greer Prentice,Greer,,Prentice,student0056@example.edu
Lennox Corbin,Lennox,,Corbin,student0160@example.edu
Indie Prentice,Indie,,Prentice,student0534@example.edu
Haven Osei,Haven,,Osei,student0418@example.edu
Kai Norwood,Kai,,Norwood,student0058@example.edu
Marlowe Jarvis,Marlowe,,Jarvis,student0491@example.edu
Indie Pemberton,Indie,,Pemberton,student0060@example.edu
Haven Yates,Haven,,Yates,student0061@example.edu
Reese Farraday,Reese,,Farraday,student0299@example.edu
Marlowe Nakamura,Marlowe,,Nakamura,student0554@example.edu
Haven Everhart,Haven,,Everhart,student0328@example.edu
Indie Falkner,Indie,,Falkner,student0214@example.edu
Ellis Kirkland,Ellis,,Kirkland,student0199@example.edu
Jordan Alden,Jordan,,Alden,student0130@example.edu
Ira Bellweather,Ira,,Bellweather,student0063@example.edu
Casey Croft,Casey,,Croft,student0369@example.edu
Marlowe Winslow,Marlowe,,Winslow,student0449@example.edu
Quincy Okafor,Quincy,,Okafor,student0116@example.edu
Harper Fenwick,Harper,,Fenwick,student0064@example.edu
Lennox Bellweather,Lennox,,Bellweather,student0330@example.edu
Greer Hollis,Greer,,Hollis,student0065@example.edu
Dakota Ingram,Dakota,,Ingram,student0421@example.edu
Harper Larkspur,Harper,,Larkspur,student0498@example.edu
Noel Vasquez,Noel,,Vasquez,student0131@example.edu
Rowan Gallo,Rowan,,Gallo,student0020@example.edu
Ira Emerling,Ira,,Emerling,student0403@example.edu
Toby Vance,Toby,,Vance,student0301@example.edu
Noel Kirkland,Noel,,Kirkland,student0422@example.edu
Quinn Abernathy,Quinn,,Abernathy,student0371@example.edu
Eden Corbin,Eden,,Corbin,student0190@example.edu
Elliot Quill,Elliot,,Quill,student0067@example.edu
Kai Osei,Kai,,Osei,student0402@example.edu
Toby Fenwick,Toby,,Fenwick,student0548@example.edu
Dakota Ellison,Dakota,,Ellison,student0518@example.edu
Emerson Ellison,Emerson,,Ellison,student0102@example.edu
Kip Jacoby,Kip,,Jacoby,student0106@example.edu
Kendall Yates,Kendall,,Yates,student0233@example.edu
Ira Radcliffe,Ira,,Radcliffe,student0200@example.edu
Bellamy Grover,Bellamy,,Grover,student0251@example.edu
Elliot Emerling,Elliot,,Emerling,student0191@example.edu
Quinn Prentice,Quinn,,Prentice,student0450@example.edu
Kai Hutton,Kai,,Hutton,student0519@example.edu
Frankie Ashford,Frankie,,Ashford,student0493@example.edu
Jamie Renwick,Jamie,,Renwick,student0234@example.edu
Sage Falkner,Sage,,Falkner,student0451@example.edu
Kendall Gallo,Kendall,,Gallo,student0494@example.edu
Devon Vance,Devon,,Vance,student0070@example.edu
Presley Croft,Presley,,Croft,student0275@example.edu
Emerson Yates,Emerson,,Yates,student0502@example.edu
Oakley Tremaine,Oakley,,Tremaine,student0423@example.edu
Dallas Hollis,Dallas,,Hollis,student0162@example.edu
Noel Jarvis,Noel,,Jarvis,student0336@example.edu
Ashby Mendel,Ashby,,Mendel,student0404@example.edu
Marlowe Ingram,Marlowe,,Ingram,student0303@example.edu
Eden Mendel,Eden,,Mendel,student0500@example.edu
Lior Hollis,Lior,,Hollis,student0284@example.edu
Ashby Holloway,Ashby,,Holloway,student0504@example.edu
Quinn Alden,Quinn,,Alden,student0103@example.edu
Eden Delgado,Eden,,Delgado,student0375@example.edu
Jules Iversen,Jules,,Iversen,student0135@example.edu
Casey Everhart,Casey,,Everhart,student0136@example.edu
Jamie Ulloa,Jamie,,Ulloa,student0270@example.edu
Skyler Holloway,Skyler,,Holloway,student0537@example.edu
Jules Norwood,Jules,,Norwood,student0081@example.edu
Kip Ashford,Kip,,Ashford,student0138@example.edu
Val Grover,Val,,Grover,student0079@example.edu
Frankie Sterling,Frankie,,Sterling,student0305@example.edu
