Presentation Category (choose the best fit),Room #,"All presentations will be paired with a teacher advisor. Is there a teacher already associated with your presentation, such as club advisor or class teacher? If yes, please write their last name below. ","Name of your presentation: ""Creative Title: Descriptive Title""  (15 words max)",Duration,Duration of Presentation
"1 Academics
9:00-9:35","114 Felder, K",Tanaka,Objection!: How Mock Trial Works ,35 min,35 min
"1 Academics
9:00-9:35",116 Wajima,Ishida,How to build a nuclear bomb: Materials and Methods used to make weapons of mass destruction  (Pair with Supertasks),15 min,15 min
"1 Academics
9:00-9:35",116 Wajima,Ishida,Supertasks: Facing Infinity (Pair with Nuclear Bomb),15 min,15 min
"1 Academics
9:00-9:35",129 Dyrdahl,Lindgren,History Of The Palestine Israel conflict,35 min,35 min
"1 Academics
9:00-9:35",130 Farlow,Novak,Build the Strongest Bridge You Can!,35 min,35 min
"1 Academics
9:00-9:35",132 Yang,Langford,Mad Libs and Murals: Exploring Coding Through Python and AI,35 min,35 min
"1 Academics
9:00-9:35","133 Felder, J",Sabbagh,Advice-ing and Icing: Decorating cookies and talking about your future high school experience,35 min,35 min
"1 Academics
9:00-9:35",134 Newmark,Quezada,Quiz Bowl: Rumble in the Academic Jungle,35 min,35 min
"1 Academics
9:00-9:35",136 Palmieri,Trombley,College Applications: Inside Look & Tips for Success,35 min,35 min
"1 Academics
9:00-9:35",137 Montague,Nazario,Introduction to photography: Taking photos,35 min,35 min
"1 Academics
9:00-9:35",141 Caudill,Fournier,Dead or Alive: an exploration of surgeries and dissections in the nineteenth century ,35 min,35 min
"1 Academics
9:00-9:35",142 Hames,Adair,Sunken Ships: Ocean Bowl Extravaganza,35 min,35 min
"1 Academics
9:00-9:35",207 Page,Rundgren,Film and Feminism: How movies influence the modern woman,35 min,35 min
"1 Academics
9:00-9:35",211 Gianini,Whitcomb,Unlock Your Inner Calm: Tips and Tricks for Relaxation,35 min,35 min
"1 Academics
9:00-9:35",223 Slattery,Fitzhenry,Snoozin': Slumber through the ages,35 min,35 min
"1 Academics
9:00-9:35",226 Hess,Bianchi,Black Hole Tierlist,35 min,35 min
"1 Academics
9:00-9:35",227 Velasquez,Hendrickx,Spacetime's Got Curves: An Adventure into General Relativity,35 min,35 min
"1 Academics
9:00-9:35",228 Sauzet,Carrizo,Conlangs: The only half-practical application of a linguistics degree,35 min,35 min
"1 Academics
9:00-9:35",230 Arcaro,Barrow,"RCHS Alumni Speaker: International Opportunities
",35 min,35 min
"1 Academics
9:00-9:35",231 Kellogg,Hollander,KenKen and Kakuro: Krazy Variations of Sudoku,35 min,35 min
"1 Academics
9:00-9:35",236 Rios,Ziegler,Punnett Summit: A Chromosomal Escape Room Experience,35 min,35 min
"1 Academics
9:00-9:35",238 Schmitz,Dumont,How Aerodynamics In F1 Works (Pair with Cessna),15 min,15 min
"1 Academics
9:00-9:35",238 Schmitz,Dumont,Learning How to Literally Get High Via A Cessna 172 (Pair with F1),15 min,15 min
"1 Academics
9:00-9:35",239 Pedersen,Underwood,Cookie Olympiad: Science Olympiad for Dummies,35 min,35 min
"2 Culture
9:40-10:15","114 Felder, K",Tanaka,All things Guitar (Pair with The Sounds of Metal),15 min,15 min
"2 Culture
9:40-10:15","114 Felder, K",Tanaka,The sounds of metal (not silence) (Pair with All things Guitar),15 min,15 min
"2 Culture
9:40-10:15",118 Drama Rm,Weatherby,Bhangra: A Fun and Energetic Style of Dance!,35 min,35 min
"2 Culture
9:40-10:15",129  Dyrdahl,Lindgren,LeCap’s take on Ronaldo vs. Messi,35 min,35 min
"2 Culture
9:40-10:15",132 Yang,Langford,Kpop: The Cultural Phenomenon that Took Over The World,35 min,35 min
"2 Culture
9:40-10:15","133  Felder, J",Sabbagh,Jurassic Folds: Learn to fold the T-Rex from an Origami master!,35 min,35 min
"2 Culture
9:40-10:15",134 Newmark,Quezada,Conspiracy Theories 101 ,35 min,35 min
"2 Culture
9:40-10:15",137 Montague,Nazario,Introduction to photography: Editing your photos,35 min,35 min
"2 Culture
9:40-10:15",139 Klein,Ferretti,The 2012 Sad Girl Olympics: Pop Culture Club,35 min,35 min
"2 Culture
9:40-10:15",141 Caudill,Hartley,Easy Peasy Lemon Cheesy,35 min,35 min
"2 Culture
9:40-10:15",142 Hames,Fournier,Mythology Club: Fishing up an Island,35 min,35 min
"2 Culture
9:40-10:15",145 Weaver,Jelinek,Guac Bottom 2,35 min,35 min
"2 Culture
9:40-10:15",203 Art Rm,Guerra,"""The Art of Ebru: Turkish Marbling ",35 min,35 min
"2 Culture
9:40-10:15",207 Page,Rundgren,PB&J: The Best Sandwich Ever Created,35 min,35 min
"2 Culture
9:40-10:15",212 Music,Donovan,Fusion Indian Classical Dance: Entanglement of the American and Indian identities ,35 min,35 min
"2 Culture
9:40-10:15",223 Slattery,Fitzhenry,Foreign Flavors: Desserts from around the Globe!,35 min,35 min
"2 Culture
9:40-10:15",226 Hess,Bianchi,Hispanic Desserts!: Latin X Delicious Delights ,35 min,35 min
"2 Culture
9:40-10:15",227 Velasquez,Hendrickx,All Things Vampire Diaries,35 min,35 min
"2 Culture
9:40-10:15",230 Arcaro,Barrow,"Alumni Adventures Abroad
",35 min,35 min
"2 Culture
9:40-10:15",231 Kellogg,Moreau,Huevos Rancheros: The Ranchers' Style Egg Breakfast,35 min,35 min
"2 Culture
9:40-10:15",232 Foster,Voss,How Chinese symbols work (Pair with Evolution of Art),15 min,15 min
"2 Culture
9:40-10:15",232 Foster,Voss,Evolution of Art: Investigationg Keith Haring  (Pair wtih Chinese Symbols),15 min,15 min
"2 Culture
9:40-10:15",233 Grunden,Zellner,Mexican Salsa: An Art,35 min,35 min
"2 Culture
9:40-10:15",238 Schmitz,Dumont,Swiftie 101,35 min,35 min
"2 Culture
9:40-10:15",239 Pedersen,Jorstad,"Chinese Folk Dance: Watch a Sword Dance, try Water Sleeves, and Learn Some Technique",35 min,35 min
"3 FEST
10:20-10:55",112 Setubal,Esparza,"Card games: Spoons, BS, ratslap, and more!",35 min,35 min
"3 FEST
10:20-10:55","114 Felder, K",Tanaka,The Many Faces of the Modern Rap Scene // The Battle of the Auxiliary Cord,35 min,35 min
"3 FEST
10:20-10:55",118 Drama Rm,Weatherby,Just Zumba!,35 min,35 min
"3 FEST
10:20-10:55",129  Dyrdahl,Lindgren,Football 101,35 min,35 min
"3 FEST
10:20-10:55",130 Farlow,Novak,Volleybros,35 min,35 min
"3 FEST
10:20-10:55",132 Yang,Langford,K-Pop Dance 101: Learning Professional Dances from Unprofessional People,35 min,35 min
"3 FEST
10:20-10:55","133 Felder, J",Sabbagh,Kickin' It : Learn how to defend yourself with style,35 min,35 min
"3 FEST
10:20-10:55",134 Newmark,Quezada,Poker 101,35 min,35 min
"3 FEST
10:20-10:55",135 Martignoni,Jorstad,Take Your Shot,35 min,35 min
"3 FEST
10:20-10:55",136 Palmieri,Trombley,Square Up!!!!,35 min,35 min
"3 FEST
10:20-10:55",141 Caudill,Hartley,Soccer Starz ,35 min,35 min
"3 FEST
10:20-10:55",142 Hames,Adair,Tennis : The game of hitting a ball back and forth. ,35 min,35 min
"3 FEST
10:20-10:55",144 Russell,Beaulieu,Wii Love Dancing: Just Just Dance,35 min,35 min
"3 FEST
10:20-10:55",207 Page,Rundgren,Sing Your Heart Out!: Karaoke Edition,35 min,35 min
"3 FEST
10:20-10:55",212 Music,Donovan,Dance Evolution: The Life of a Dancer,35 min,35 min
"3 FEST
10:20-10:55",223 Slattery,Fitzhenry,Football Frenzy: Learning and Playing the game of football,35 min,35 min
"3 FEST
10:20-10:55",225 Grimes,Yeboah,The Voice: Season 23,35 min,35 min
"3 FEST
10:20-10:55",226 Hess,Kalman,Spike Ball,35 min,35 min
"3 FEST
10:20-10:55",227 Velasquez,Hendrickx,Breathe Deep: yoga for all,35 min,35 min
"3 FEST
10:20-10:55",231 Kellogg,Hollander,Soccer Tennis: Combining Two of the Greatest Sports,35 min,35 min
"3 FEST
10:20-10:55",234 Chalifoux,Gagnon,Ultimate frisbee: Learn the rules and regulations of ultimate frisbee and have a chance to play ,35 min,35 min
"3 FEST
10:20-10:55",239 Pedersen,Underwood,Big Cards: Learning and Playing Poker,35 min,35 min
"3 FEST
10:20-10:55",240 Ricci,Yost,Slam Dunk Academy,35 min,35 min
"4 Community
11:00-11:35",112 Setubal,Gorski,The History of Werewolves (Pair with Birds Aren't Real),15 min,15 min
"4 Community
11:00-11:35",112 Setubal,Gorski,Birds aren't real: behind the conspiracy (Pair with History of Werewolves),15 min,15 min
"4 Community
11:00-11:35",116 Wajima,Ishida,Phoenix Stock Exchange: Candy Stock Market Simulation,35 min,35 min
"4 Community
11:00-11:35",129  Dyrdahl,Lindgren,How to pick up chicks (Pair with Legal Lies: The Food Industry),15 min,15 min
"4 Community
11:00-11:35",129  Dyrdahl,Lindgren,Legal Lies: The Food Industry (Pair with How to Pick Up Chicks),15 min,15 min
"4 Community
11:00-11:35",132 Yang,Langford,How NASA Has and Will take us into Another World,35 min,35 min
"4 Community
11:00-11:35","133  Felder, J",Sabbagh,Video games history,35 min,35 min
"4 Community
11:00-11:35",135 Martignoni,Jorstad, Sex Education in America: A Discussion About the Necessity of Quality Sex Education in Schools,35 min,35 min
"4 Community
11:00-11:35",136 Palmieri,Trombley,Sports: The Greatest Athlete of All Time Debate,35 min,35 min
"4 Community
11:00-11:35",139 Klein,Ferretti,QSA Game Night: Test Your LGBTQ+ Knowledge,35 min,35 min
"4 Community
11:00-11:35",141 Caudill,Hartley,Chalk of the town!,35 min,35 min
"4 Community
11:00-11:35",145 Weaver,Jelinek,The history of Chicken and Waffles,35 min,35 min
"4 Community
11:00-11:35",203 Art Rm,Guerra,Fashion & Sustainability: Save the World and Look Good Doing It!,35 min,35 min
"4 Community
11:00-11:35",207 Page,Rundgren,"The Definition of ""Whiteness"": An Exploration of South Asian American History",35 min,35 min
"4 Community
11:00-11:35",223 Slattery,Kalman,The Struggle for Freedom: This History of Lynching in the United States,35 min,35 min
"4 Community
11:00-11:35",225 Grimes,Yeboah,Two Steps: Creating Games for Elementary Students,35 min,35 min
"4 Community
11:00-11:35",228 Sauzet,Carrizo,Fifa World Cup: Winners over time,35 min,35 min
"4 Community
11:00-11:35",230 Arcaro,Barrow,Alumni Careers in Healthcare,35 min,35 min
"4 Community
11:00-11:35",231 Kellogg,Moreau,What's The Big Deal About Representation?,35 min,35 min
"4 Community
11:00-11:35",232 Foster,Voss,Flower Power: Make your own paper flowers and pressed-flower bookmarks!,35 min,35 min
"4 Community
11:00-11:35",233 Grunden,Zellner,Bartholomew and the Oobleck: The reading and making of oobleck,35 min,35 min
"4 Community
11:00-11:35",234 Chalifoux,Gagnon,Decor-cake!,35 min,35 min
"4 Community
11:00-11:35",236 Rios,Ziegler,Blue Milk and Cookies: A STAR WARS Experience,35 min,35 min
"4 Community
11:00-11:35",238 Schmitz,Dumont,Crocheting with Plarn,35 min,35 min
"4 Community
11:00-11:35",240 Ricii,Yost,Car Culture: Car Community in Raleigh & All Things Cars,35 min,35 min
"5 Experience
11:40-12:15",112 Setubal,Gorski,"HUGE, OVERLY-COMPLEX, ROBOTS! Exploring competitive robotics and its applications by driving robots.",35 min,35 min
"5 Experience
11:40-12:15","114 Felder, K",Tanaka,Writing and Wizards: why dungeons and dragons forms a useful creative writing outlet,35 min,35 min
"5 Experience
11:40-12:15",118 Drama,Weatherby,Battle of the Cakes: Cake Decorating Competition,35 min,35 min
"5 Experience
11:40-12:15",130 Farlow,Novak,Nailed It: RCHS Edition!!!,35 min,35 min
"5 Experience
11:40-12:15",134 Newmark,Quezada,Student Legislative Assembly: What's our State Government Up to?,35 min,35 min
"5 Experience
11:40-12:15",135 Martignoni,Nazario,"""Holy Guacamole! (WARNING: For Avocado Lovers Only)""",35 min,35 min
"5 Experience
11:40-12:15",141 Caudill,Fournier,Snout to Tail and the Brain in Between: Intelligence of Therapy Dogs,35 min,35 min
"5 Experience
11:40-12:15",142 Hames,Adair,Healthy Snacks How To and Make Off,35 min,35 min
"5 Experience
11:40-12:15",144 Russell,Beaulieu,Scrub Sense: How to Make Body and Lip Scrubs,35 min,35 min
"5 Experience
11:40-12:15",145 Weaver,Jelinek,HANDmade Lemonade: An Exploration Into All Things Lemonade,35 min,35 min
"5 Experience
11:40-12:15",203 Art Rm,Guerra,Painting and Collage: Open Art Studio,35 min,35 min
"5 Experience
11:40-12:15",207 Page,Rundgren,"Color, Sparkle, Beads, Oh My!: Make Friendship Bracelets",35 min,35 min
"5 Experience
11:40-12:15",211 Gianini,Whitcomb,Making Melodies: How to design your own Rap Beat,35 min,35 min
"5 Experience
11:40-12:15",223 Slattery,Kalman,Yo! Come make Edible Cookie Dough! ,35 min,35 min
"5 Experience
11:40-12:15",226 Hess,Bianchi,How to make Onigiri (Riceballs),35 min,35 min
"5 Experience
11:40-12:15",227 Velasquez,Hendrickx,"Character Creation 101: Design your own character, regardless of experience!",35 min,35 min
"5 Experience
11:40-12:15",228 Sauzet,Carrizo,Short Film Screening: How I Made my Own Animated FIlm,35 min,35 min
"5 Experience
11:40-12:15",231 Kellogg,Hollander,Cupcake decorating: learn different piping tips!,35 min,35 min
"5 Experience
11:40-12:15",233 Grunden,Zellner,Papa's Slimeria: Live out your middle school slime shop dreams!,35 min,35 min
"5 Experience
11:40-12:15",234 Chalifoux,Gagnon,We all Scream for Ice Cream! Learn to make Ice Cream in a Bag!,35 min,35 min
"5 Experience
11:40-12:15",236 Rios,Ziegler,The History of Fortnite,35 min,35 min
"5 Experience
11:40-12:15",239 Pedersen,Underwood,"Bake me up, before you dough dough! (Making edible cookie dough)",35 min,35 min
"5 Experience
11:40-12:15",240 Ricci,Yost,How a sport captivated a nation: the history of American Football,35 min,35 min
